node,time,location
platform,17:00,"[52.729204, 41.480243]"
Вероника,17:08,"[52.71696, 41.44491]"
Марина,17:12,"[52.726392, 41.434445]"
Ирина,17:15,"[52.731108, 41.431099]"
Людмила,17:19,"[52.736131, 41.438696]"
Лидия,17:20,"[52.7364, 41.438947]"
depot,17:26,"[52.74436, 41.478213]"
