node,time,location
platform,17:00,"[52.729204, 41.480243]"
Елизавета,17:05,"[52.736763, 41.486985]"
Герман,17:12,"[52.755766, 41.475875]"
Диана,17:13,"[52.755988, 41.475569]"
Николай,17:20,"[52.74836, 41.467491]"
depot,17:26,"[52.74436, 41.478213]"
