node,time,location
platform,17:00,"[52.729204, 41.480243]"
Родион,17:11,"[52.736768, 41.418479]"
Аркадий,17:16,"[52.746625, 41.426742]"
Артём,17:20,"[52.756927, 41.428703]"
Руслан,17:24,"[52.765837, 41.415229]"
Иван,17:28,"[52.75179, 41.435926]"
depot,17:36,"[52.74436, 41.478213]"
