node,time,location
platform,17:00,"[52.729204, 41.480243]"
Екатерина,17:11,"[52.733395, 41.427837]"
Андрей,17:19,"[52.736406, 41.38303]"
Лариса,17:27,"[52.706344, 41.405097]"
Савелий,17:30,"[52.696842, 41.408797]"
Валентина,17:35,"[52.715592, 41.408543]"
depot,17:45,"[52.74436, 41.478213]"
