node,time,location
platform,17:00,"[52.729204, 41.480243]"
Виктор,17:07,"[52.747101, 41.455277]"
Леонид,17:14,"[52.766987, 41.438986]"
Данил,17:18,"[52.76712, 41.456027]"
Богдан,17:23,"[52.756754, 41.465811]"
Агата,17:27,"[52.767041, 41.477619]"
depot,17:34,"[52.74436, 41.478213]"
