node,time,location
platform,17:00,"[52.729204, 41.480243]"
Галина,17:10,"[52.706359, 41.48497]"
Алексей,17:13,"[52.698628, 41.472585]"
Платон,17:15,"[52.696314, 41.465701]"
Дарья,17:17,"[52.696773, 41.458203]"
Тимур,17:26,"[52.726689, 41.476043]"
depot,17:35,"[52.74436, 41.478213]"
