id,start_time,end_time,location,employees
1,09:00,18:00,"[52.739143, 41.424569]","[100, 103, 106, 107, 116, 117, 119, 120, 122, 127, 130, 132, 134, 135, 136, 140, 144, 146, 147, 152, 154, 158, 165, 171, 174, 178, 180, 182, 183, 184, 185, 191, 192, 195]"
2,10:00,19:00,"[52.754064, 41.454011]","[101, 104, 105, 109, 111, 112, 123, 124, 125, 126, 128, 138, 141, 145, 151, 153, 156, 157, 159, 160, 161, 162, 166, 170, 172, 176, 179, 181, 186, 188, 189, 190, 193, 194, 196, 197, 198]"
3,08:00,17:00,"[52.729204, 41.480243]","[102, 108, 110, 113, 114, 115, 118, 121, 129, 131, 133, 137, 139, 142, 143, 148, 149, 150, 155, 163, 164, 167, 168, 169, 173, 175, 177, 187, 199]"
