id,start_time,end_time,location,employees
1,09:00,18:00,"52.739143,41.424569","104,105,106,114,121,127,130,133,136,143,145,147,149,165,171,172,177,181,186,193,194,202,203,215,219,223,225,235,236,237,240,244,245,251,253,254,261,263,264,266,270,273,277,283,287,297,299,301,302,308,309"
2,10:00,19:00,"52.754064,41.454011","100,107,111,115,116,118,122,125,128,129,148,154,164,167,169,174,175,178,179,195,212,220,227,229,230,232,234,238,239,246,247,252,255,259,274,290,310,311"
3,08:00,17:00,"52.729204,41.480243","101,103,108,109,113,119,123,124,131,132,134,137,144,152,155,168,184,189,196,198,199,209,211,218,221,226,233,241,243,248,249,260,262,267,268,281,282,284,285,296,303,307"
4,07:00,18:00,"52.735313,41.40239","102,112,120,139,140,141,142,150,153,156,157,159,160,161,170,173,180,182,183,185,187,188,190,201,205,206,213,214,217,222,224,231,242,250,256,257,258,265,269,289,291,293,294,304,306"
5,08:00,17:00,"52.734066,41.463158","110,117,126,135,138,146,146,151,158,162,163,166,176,191,192,197,200,204,207,208,210,216,228,271,272,275,276,278,279,280,286,288,292,295,298,300,305"
