node,time,location
depot,09:36,"[52.74436, 41.478213]"
Анна,09:41,"[52.736378, 41.48374]"
Надежда,09:46,"[52.727081, 41.485674]"
Виктория,09:51,"[52.735591, 41.476331]"
Валерий,09:54,"[52.725831, 41.457574]"
platform,10:00,"[52.754064, 41.454011]"
