node,time,location
depot,09:44,"[52.74436, 41.478213]"
Нелли,09:52,"[52.756207, 41.488543]"
Нина,09:57,"[52.756932, 41.457469]"
Игорь,09:58,"[52.756485, 41.456624]"
platform,10:00,"[52.754064, 41.454011]"
