node,time,location
depot,09:04,"[52.74436, 41.478213]"
Раиса,09:09,"[52.735502, 41.457772]"
Антон,09:14,"[52.716192, 41.475575]"
Камилла,09:26,"[52.705832, 41.485999]"
Мирослав,09:34,"[52.696371, 41.458812]"
Милена,09:43,"[52.695727, 41.484277]"
platform,10:00,"[52.754064, 41.454011]"
