node,time,location
depot,09:40,"[52.74436, 41.478213]"
Юлиан,09:49,"[52.756709, 41.418007]"
Вера,09:50,"[52.755862, 41.416971]"
Мария,09:53,"[52.758649, 41.424128]"
Алина,09:55,"[52.756058, 41.428138]"
Евгений,09:56,"[52.756712, 41.427278]"
platform,10:00,"[52.754064, 41.454011]"
