node,time,location
depot,09:26,"[52.74436, 41.478213]"
Тимофей,09:26,"[52.746676, 41.477593]"
Роман,09:26,"[52.716578, 41.396844]"
Эльдар,09:33,"[52.736498, 41.398361]"
Татьяна,09:43,"[52.764086, 41.389109]"
Эльвира,09:52,"[52.766421, 41.42473]"
platform,10:00,"[52.754064, 41.454011]"
