node,time,location
depot,09:25,"[52.74436, 41.478213]"
Эмма,09:38,"[52.69645, 41.396132]"
Игнат,09:39,"[52.69546, 41.398016]"
Оксана,09:45,"[52.695819, 41.425199]"
Алиса,09:51,"[52.715785, 41.454329]"
Дмитрий,09:52,"[52.71607, 41.448501]"
platform,10:00,"[52.754064, 41.454011]"
