node,time,location
depot,09:31,"[52.74436, 41.478213]"
Снежана,09:39,"[52.726652, 41.427953]"
Полина,09:42,"[52.726155, 41.41404]"
Зинаида,09:48,"[52.736827, 41.407976]"
Михаил,09:51,"[52.740982, 41.419254]"
Тихон,09:55,"[52.745559, 41.434007]"
platform,10:00,"[52.754064, 41.454011]"
