node,time,location
depot,09:33,"[52.74436, 41.478213]"
Наталья,09:44,"[52.707437, 41.423813]"
Ксения,09:45,"[52.706769, 41.424846]"
Рита,09:47,"[52.707051, 41.414016]"
Жанна,09:53,"[52.735467, 41.42703]"
Захар,09:56,"[52.736658, 41.446521]"
platform,10:00,"[52.754064, 41.454011]"
