node,time,location
platform,19:00,"[52.754064, 41.454011]"
Захар,19:04,"[52.736658, 41.446521]"
Раиса,19:06,"[52.735502, 41.457772]"
Виктория,19:10,"[52.735591, 41.476331]"
Надежда,19:15,"[52.727081, 41.485674]"
depot,19:23,"[52.74436, 41.478213]"
