node,time,location
platform,19:00,"[52.754064, 41.454011]"
Алина,19:05,"[52.756058, 41.428138]"
Евгений,19:06,"[52.756712, 41.427278]"
Мария,19:07,"[52.758649, 41.424128]"
Вера,19:09,"[52.755862, 41.416971]"
Юлиан,19:10,"[52.756709, 41.418007]"
depot,19:19,"[52.74436, 41.478213]"
