node,time,location
platform,19:00,"[52.754064, 41.454011]"
Алиса,19:07,"[52.715785, 41.454329]"
Камилла,19:15,"[52.705832, 41.485999]"
Милена,19:27,"[52.695727, 41.484277]"
Мирослав,19:36,"[52.696371, 41.458812]"
Тимофей,19:36,"[52.746676, 41.477593]"
depot,19:36,"[52.74436, 41.478213]"
