node,time,location
platform,19:00,"[52.754064, 41.454011]"
Роман,19:10,"[52.716578, 41.396844]"
Эльдар,19:17,"[52.736498, 41.398361]"
Ксения,19:25,"[52.706769, 41.424846]"
Дмитрий,19:30,"[52.71607, 41.448501]"
Анна,19:36,"[52.736378, 41.48374]"
depot,19:41,"[52.74436, 41.478213]"
