node,time,location
platform,19:00,"[52.754064, 41.454011]"
Рита,19:09,"[52.707051, 41.414016]"
Эмма,19:11,"[52.69645, 41.396132]"
Игнат,19:12,"[52.69546, 41.398016]"
Оксана,19:18,"[52.695819, 41.425199]"
Наталья,19:22,"[52.707437, 41.423813]"
depot,19:33,"[52.74436, 41.478213]"
