node,time,location
platform,19:00,"[52.754064, 41.454011]"
Эльвира,19:09,"[52.766421, 41.42473]"
Татьяна,19:18,"[52.764086, 41.389109]"
Жанна,19:27,"[52.735467, 41.42703]"
Валерий,19:34,"[52.725831, 41.457574]"
Антон,19:38,"[52.716192, 41.475575]"
depot,19:46,"[52.74436, 41.478213]"
