node,time,location
platform,19:00,"[52.754064, 41.454011]"
Снежана,19:06,"[52.726652, 41.427953]"
Полина,19:09,"[52.726155, 41.41404]"
Зинаида,19:15,"[52.736827, 41.407976]"
Михаил,19:18,"[52.740982, 41.419254]"
Тихон,19:22,"[52.745559, 41.434007]"
depot,19:29,"[52.74436, 41.478213]"
