node,time,location
platform,19:00,"[52.754064, 41.454011]"
Игорь,19:02,"[52.756485, 41.456624]"
Нина,19:03,"[52.756932, 41.457469]"
Нелли,19:08,"[52.756207, 41.488543]"
depot,19:15,"[52.74436, 41.478213]"
