node,time,location
platform,18:00,"[52.739143, 41.424569]"
Арсентий,18:03,"[52.745566, 41.417379]"
Ян,18:05,"[52.746544, 41.418128]"
Ольга,18:08,"[52.755276, 41.415989]"
Альберт,18:09,"[52.756838, 41.418091]"
Эвелина,18:12,"[52.76696, 41.41585]"
depot,18:21,"[52.74436, 41.478213]"
