node,time,location
platform,18:00,"[52.739143, 41.424569]"
Василий,18:05,"[52.756481, 41.426736]"
Степан,18:06,"[52.756325, 41.42712]"
Денис,18:12,"[52.765615, 41.457027]"
Анастасия,18:13,"[52.766748, 41.458484]"
Александр,18:20,"[52.751038, 41.474426]"
depot,18:28,"[52.74436, 41.478213]"
