node,time,location
platform,18:00,"[52.739143, 41.424569]"
Герман,18:08,"[52.705528, 41.43791]"
Сергей,18:12,"[52.702131, 41.455302]"
Павел,18:16,"[52.695882, 41.478808]"
Ярослав,18:19,"[52.705374, 41.474562]"
Назар,18:20,"[52.707141, 41.468272]"
depot,18:29,"[52.74436, 41.478213]"
