node,time,location
platform,18:00,"[52.739143, 41.424569]"
Елена,18:06,"[52.725003, 41.407828]"
Станислав,18:10,"[52.71641, 41.415617]"
Григорий,18:15,"[52.726698, 41.394092]"
Аделина,18:16,"[52.725737, 41.397482]"
Василиса,18:21,"[52.735916, 41.415974]"
depot,18:31,"[52.74436, 41.478213]"
