node,time,location
platform,18:00,"[52.739143, 41.424569]"
Владислав,18:03,"[52.745874, 41.436388]"
Олег,18:08,"[52.755466, 41.444554]"
Юлия,18:09,"[52.755704, 41.44649]"
Максим,18:12,"[52.755373, 41.448386]"
depot,18:19,"[52.74436, 41.478213]"
