node,time,location
platform,18:00,"[52.739143, 41.424569]"
Арсен,18:06,"[52.716025, 41.424925]"
Юрий,18:09,"[52.716883, 41.434533]"
Владимир,18:15,"[52.725182, 41.472984]"
Алёна,18:23,"[52.726333, 41.487635]"
Константин,18:29,"[52.737131, 41.485729]"
depot,18:35,"[52.74436, 41.478213]"
