node,time,location
platform,18:00,"[52.739143, 41.424569]"
Инна,18:09,"[52.706476, 41.406774]"
Лилия,18:14,"[52.695375, 41.414576]"
Светлана,18:23,"[52.707537, 41.46168]"
Марфа,18:26,"[52.715482, 41.46572]"
Рената,18:35,"[52.746497, 41.473844]"
depot,18:40,"[52.74436, 41.478213]"
