node,time,location
depot,08:25,"[52.74436, 41.478213]"
Константин,08:31,"[52.737131, 41.485729]"
Юрий,08:38,"[52.716883, 41.434533]"
Герман,08:41,"[52.705528, 41.43791]"
Марфа,08:47,"[52.715482, 41.46572]"
Владимир,08:53,"[52.725182, 41.472984]"
platform,09:00,"[52.739143, 41.424569]"
