node,time,location
depot,08:32,"[52.74436, 41.478213]"
Александр,08:40,"[52.751038, 41.474426]"
Анастасия,08:47,"[52.766748, 41.458484]"
Денис,08:48,"[52.765615, 41.457027]"
Степан,08:54,"[52.756325, 41.42712]"
Василий,08:55,"[52.756481, 41.426736]"
platform,09:00,"[52.739143, 41.424569]"
