node,time,location
depot,08:33,"[52.74436, 41.478213]"
Назар,08:42,"[52.707141, 41.468272]"
Павел,08:45,"[52.695882, 41.478808]"
Ярослав,08:48,"[52.705374, 41.474562]"
Светлана,08:50,"[52.707537, 41.46168]"
Сергей,08:52,"[52.702131, 41.455302]"
platform,09:00,"[52.739143, 41.424569]"
