node,time,location
depot,08:38,"[52.74436, 41.478213]"
Рената,08:43,"[52.746497, 41.473844]"
Максим,08:49,"[52.755373, 41.448386]"
Юлия,08:50,"[52.755704, 41.44649]"
Олег,08:51,"[52.755466, 41.444554]"
Владислав,08:56,"[52.745874, 41.436388]"
platform,09:00,"[52.739143, 41.424569]"
