node,time,location
depot,08:37,"[52.74436, 41.478213]"
Альберт,08:46,"[52.756838, 41.418091]"
Эвелина,08:49,"[52.76696, 41.41585]"
Ольга,08:53,"[52.755276, 41.415989]"
Ян,08:56,"[52.746544, 41.418128]"
Арсентий,08:57,"[52.745566, 41.417379]"
platform,09:00,"[52.739143, 41.424569]"
