node,time,location
depot,08:23,"[52.74436, 41.478213]"
Лилия,08:39,"[52.695375, 41.414576]"
Инна,08:44,"[52.706476, 41.406774]"
Станислав,08:48,"[52.71641, 41.415617]"
Аделина,08:53,"[52.725737, 41.397482]"
Григорий,08:54,"[52.726698, 41.394092]"
platform,09:00,"[52.739143, 41.424569]"
