node,time,location
depot,08:29,"[52.74436, 41.478213]"
Алёна,08:37,"[52.726333, 41.487635]"
Арсен,08:48,"[52.716025, 41.424925]"
Елена,08:52,"[52.725003, 41.407828]"
Василиса,08:57,"[52.735916, 41.415974]"
platform,09:00,"[52.739143, 41.424569]"
