node,time,location
depot,07:34,"[52.74436, 41.478213]"
Лидия,07:40,"[52.7364, 41.438947]"
Людмила,07:41,"[52.736131, 41.438696]"
Марина,07:43,"[52.726392, 41.434445]"
Валентина,07:47,"[52.715592, 41.408543]"
Вероника,07:52,"[52.71696, 41.44491]"
platform,08:00,"[52.729204, 41.480243]"
