node,time,location
depot,07:19,"[52.74436, 41.478213]"
Богдан,07:26,"[52.756754, 41.465811]"
Руслан,07:33,"[52.765837, 41.415229]"
Аркадий,07:38,"[52.746625, 41.426742]"
Екатерина,07:45,"[52.733395, 41.427837]"
Ирина,07:51,"[52.731108, 41.431099]"
platform,08:00,"[52.729204, 41.480243]"
