node,time,location
depot,07:34,"[52.74436, 41.478213]"
Герман,07:40,"[52.755766, 41.475875]"
Диана,07:41,"[52.755988, 41.475569]"
Николай,07:48,"[52.74836, 41.467491]"
Елизавета,07:55,"[52.736763, 41.486985]"
platform,08:00,"[52.729204, 41.480243]"
