node,time,location
depot,07:17,"[52.74436, 41.478213]"
Виктор,07:21,"[52.747101, 41.455277]"
Родион,07:29,"[52.736768, 41.418479]"
Андрей,07:35,"[52.736406, 41.38303]"
Лариса,07:43,"[52.706344, 41.405097]"
Савелий,07:46,"[52.696842, 41.408797]"
platform,08:00,"[52.729204, 41.480243]"
