node,time,location
depot,07:25,"[52.74436, 41.478213]"
Агата,07:32,"[52.767041, 41.477619]"
Данил,07:37,"[52.76712, 41.456027]"
Леонид,07:43,"[52.766987, 41.438986]"
Артём,07:48,"[52.756927, 41.428703]"
Иван,07:50,"[52.75179, 41.435926]"
platform,08:00,"[52.729204, 41.480243]"
