node,time,location
depot,07:26,"[52.74436, 41.478213]"
Галина,07:37,"[52.706359, 41.48497]"
Алексей,07:40,"[52.698628, 41.472585]"
Платон,07:42,"[52.696314, 41.465701]"
Дарья,07:44,"[52.696773, 41.458203]"
Тимур,07:53,"[52.726689, 41.476043]"
platform,08:00,"[52.729204, 41.480243]"
