ID	Координаты
Склад 1	55.668845;37.647295